{
	"registrations": [
		{
			"component": {
				"type": "git",
				"git": {
					"name": "octref/language-css",
					"repositoryUrl": "https://github.com/octref/language-css",
					"commitHash": "6d3a2d01dd67ef062030f4520dd42a5424330a3b"
				}
			},
			"license": "MIT",
			"description": "The file syntaxes/css.tmLanguage.json was derived from https://github.com/octref/language-css which was derived from the Atom package https://github.com/atom/language-css which was originally converted from the TextMate bundle https://github.com/textmate/css.tmbundle.",
			"version": "0.0.0"
		}
	],
	"version": 1
}